<?xml version="1.0"?>
<Inst N="DDProjectName" Type="Window">
    <Attr N="Position" V="{-1,-1}"/>
	<Attr N="Size" V="{1280,800}"/>
	<Attr N="FullScreen" V="false"/>
	<Attr N="ShowMouseCursor" V="true"/>
	<Attr Type="string" N="PackageFileName" V="DDProjectName_assets.kpkg" Dyn="true"/>
	<Inst N="theRenderingScreen" Type="RenderingScreen">
		<Attr N="Size" V="{0,0}">
			<Modifier Type="CoreItemOperatorModifier" V="#..->Size#"/>
		</Attr>
		<Attr N="DesignSize" V="{1280,800}"/>
		<Attr N="BitsPerZ" V="32"/>
		<Attr N="Brightness" V="0"/>
		<Attr N="BackDropColor" V="{0.0,0.0,0.0}"/>
		<Attr N="VSync" V="true"/>
	</Inst>

</Inst>
